# Reptiles
crocodile => reptile
alligator => reptile
cayman => reptile
gavial => reptile
terrapin => reptile

# Horses
stallion => horse
gelding => horse
mustang => horse
pony => horse
foal => horse
mare => horse
steed => horse
pony => horse
burro => donkey

# Cows
calf => cattle
calves => cattle
cattle, bovine, cow
bovine, cow, cattle

# Pigs
swine, pig, pork, piglet
ovine, sheep, lamb, mutton
poultry, chicken, hen

# Goats
goat, kid

# Fish
pleuronectidae, flounder, bothidae, citharidae
tonguefish, cynoglossidae
soleidae, sole
scophthalmidae, turbot
oncorhynchus kisutch, coho salmon, silver salmon
oncorhynchus keta, chum salmon, dog salmon
oncorhynchus tschawytscha, chinook salmon, king salmon
huchen, hucho hucho
salmonidae, salmon
oncorhynchus gorbuscha, pink salmon, humpback salmon, humpie salmon, humpie
oncorhynchus mykiss, rainbow trout
oncorhynchus clarkii, cutthroat trout
oncorhynchus aguabonita, golden trout
oncorhynchus gilae, gila trout
oncorhynchus apache, apache trout
oncorhynchus chrysogaster, mexican golden trout
whiteleg, vannamei
atlantic cod, gadus morhua
pomacanthus, angel fish, angelfish, pterophyllum
faucet, tap

# Birds
gallus domesticus, chicken, hens, laying hens, capon, poulet, ameraucana, andalusian, araucana, australorp, ayam cemani, barnevelder, belgian d’uccle, black copper marans, black star, blue laced red wyandotte, brahma, bresse, brown leghorn, buckeye, cochin, cornish, crevecoeur, cubalaya, cream legbar, cuckoo marans, delaware, dominique, dorking, easter egger, faverolles, frizzle, golden comet, golden laced wyandotte, hamburg, houdan, isa brown, jersey giant, lavender orpington, light brahma, minorca, naked neck, new hampshire, onagadori, orpingtons, phoenix, plymouth rock, red jungle fowl, red ranger, sebright, serama, silkie, silver laced wyandotte, speckled sussex, sussex, swedish flower hens, welsummer, white leghorn, white rock, wyandotte

primate, aye-aye, baboon, Barbary ape, bonnet monkey, bushbaby, galago, capuchin, chacma, chimpanzee, colobus, douc, douroucouli, flying lemur, colugo, gelada, gibbon, gorilla, green monkey, grivet, guenon, guereza, howler monkey, indris, indri, langur, lemur, loris, macaco, macaque, mandrill, mangabey, marmoset, monkey, orang-outang, orang-utan, proboscis monkey, rhesus monkey, siamang, sifaka, spider monkey, squirrel monkey, talapoin, tamarin, tana, tarsier, titi, vervet, wanderoo

camelid, bactrian camel, dromedary, arabian camel, wild bactrian camel, llama, guanaco, alpaca, vicuña

0106190000, hedgehog, european mole, common shrew, pygmy shrew, water shrew, white-toothed shrew , red squirrel, grey squirrel, eurasian beaver, hazel dormouse, edible dormouse, bank vole, field vole, common vole, water vole, harvest mouse, wood mouse, yellow-necked mouse, house mouse, brown rat, black rat, wildcat, red fox, badger, otter, pine marten, stoat, weasel, polecat, american mink, wild boar, red deer, sika deer, fallow deer, roe deer, chinese water deer, reeves’ muntjac deer, greater horseshoe bat, lesser horseshoe bat, alcathoe bat, whiskered bat, brandt’s bat, bechstein’s bat, daubenton’s bat, greater mouse-eared bat, natterer’s bat, serotine bat, leisler’s bat, noctule bat, common pipistrelle bat, soprano pipistrelle bat, nathusius’ pipistrelle bat, barbastelle bat, brown long-eared bat, grey long-eared bat

birds of prey, eagle, secretarybird, sagittarius serpentarius, osprey, pandion haliaetus, african baza, aviceda cuculoides, madagascar baza, aviceda madagascariensis, jerdon’s baza, aviceda jerdoni, pacific baza, aviceda subcristata, black baza, aviceda leuphotes, grey-headed kite, leptodon cayanensis, white-collared kite, leptodon forbesi, hook-billed kite, chondrohierax uncinatus, cuban kite, chondrohierax wilsonii, long-tailed honey-buzzard, henicopernis longicauda, black honey-buzzard, henicopernis infuscatus, european honey-buzzard, pernis apivorus, oriental honey-buzzard, pernis ptilorhyncus, barred honey-buzzard, pernis celebensis, square-tailed kite, lophoictinia isura, black-breasted buzzard, hamirostra melanosternon, american swallow-tailed kite, elanoides forficatus, bat hawk, macheiramphus alcinus, pearl kite, gampsonyx swainsonii, black-winged kite, elanus caeruleus, black-shouldered kite, elanus axillaris, white-tailed kite, elanus leucurus, letter-winged kite, elanus scriptus, african swallow-tailed kite, chelictinia riocourii, snail kite, rostrhamus sociabilis, slender-billed kite, helicolestes hamatus, double-toothed kite, harpagus bidentatus, rufous-thighed kite, harpagus diodon, mississippi kite, ictinia mississippiensis, plumbeous kite, ictinia plumbea, red kite, milvus, milvus, black kite, milvus migrans, whistling kite, haliastur sphenurus, brahminy kite, haliastur indus, white-bellied sea-eagle, haliaeetus leucogaster, sanford’s sea-eagle, haliaeetus sanfordi, african fish-eagle, haliaeetus vocifer, madagascar fish-eagle, haliaeetus vociferoides, pallas’s fish-eagle, haliaeetus leucoryphus, white-tailed eagle, haliaeetus albicilla, bald eagle, haliaeetus leucocephalus, steller’s sea-eagle, haliaeetus pelagicus, lesser fish-eagle, ichthyophaga humilis, grey-headed fish-eagle, ichthyophaga ichthyaetus, palm-nut vulture, gypohierax angolensis, lammergeier, gypaetus barbatus, egyptian vulture, neophron percnopterus, hooded vulture, necrosyrtes monachus, white-backed vulture, gyps africanus, white-rumped vulture, gyps bengalensis, indian vulture, gyps indicus, slender-billed vulture, gyps tenuirostris, rueppell’s vulture, gyps rueppellii, himalayan vulture, gyps himalayensis, griffon vulture, gyps fulvus, cape vulture, gyps coprotheres, red-headed vulture, sarcogyps calvus, white-headed vulture, trigonoceps occipitalis, cinereous vulture, aegypius monachus, lappet-faced vulture, torgos tracheliotos, short-toed snake-eagle, circaetus gallicus, black-chested snake-eagle, circaetus pectoralis, beaudouin’s snake-eagle, circaetus beaudouini, brown snake-eagle, circaetus cinereus, southern banded snake-eagle, circaetus fasciolatus, banded snake-eagle, circaetus cinerascens, bateleur, terathopius ecaudatus, crested serpent-eagle, spilornis cheela, south nicobar serpent-eagle, spilornis klossi, mountain serpent-eagle, spilornis kinabaluensis, sulawesi serpent-eagle, spilornis rufipectus, philippine serpent-eagle, spilornis holospilus, andaman serpent-eagle, spilornis elgini, congo serpent-eagle, dryotriorchis spectabilis, madagascar serpent-eagle, eutriorchis astur, western marsh-harrier, circus aeruginosus, african marsh-harrier, circus ranivorus, eastern marsh-harrier, circus spilonotus, swamp harrier, circus approximans, madagascar harrier, circus macrosceles, reunion harrier, circus maillardi, long-winged harrier, circus buffoni, spotted harrier, circus assimilis, black harrier, circus maurus, northern harrier, circus cyaneus, cinereous harrier, circus cinereus, pallid harrier, circus macrourus, pied harrier, circus melanoleucos, montagu’s harrier, circus pygargus, african harrier-hawk, polyboroides typus, madagascar harrier-hawk, polyboroides radiatus, dark chanting-goshawk, melierax metabates, eastern chanting-goshawk, melierax poliopterus, pale chanting-goshawk, melierax canorus, gabar goshawk, melierax gabar, gray-bellied hawk, accipiter poliogaster, crested goshawk, accipiter trivirgatus, sulawesi goshawk, accipiter griseiceps, african goshawk, accipiter tachiro, chestnut-flanked sparrowhawk, accipiter castanilius, shikra, accipiter badius, nicobar sparrowhawk, accipiter butleri, levant sparrowhawk, accipiter brevipes, chinese goshawk, accipiter soloensis, frances’s sparrowhawk, accipiter francesiae, spot-tailed goshawk, accipiter trinotatus, grey goshawk, accipiter novaehollandiae, brown goshawk, accipiter fasciatus, black-mantled goshawk, accipiter melanochlamys, pied goshawk, accipiter albogularis, fiji goshawk, accipiter rufitorques, white-bellied goshawk, accipiter haplochrous, moluccan goshawk, accipiter henicogrammus, slaty-mantled sparrowhawk, accipiter luteoschistaceus, imitator sparrowhawk, accipiter imitator, grey-headed goshawk, accipiter poliocephalus, new britain goshawk, accipiter princeps, tiny hawk, accipiter superciliosus, semicollared hawk, accipiter collaris, red-thighed sparrowhawk, accipiter erythropus, little sparrowhawk, accipiter minullus, japanese sparrowhawk, accipiter gularis, besra, accipiter virgatus, small sparrowhawk, accipiter nanus, rufous-necked sparrowhawk, accipiter erythrauchen, collared sparrowhawk, accipiter cirrocephalus, new britain sparrowhawk, accipiter brachyurus, vinous-breasted sparrowhawk, accipiter rhodogaster, madagascar sparrowhawk, accipiter madagascariensis, ovampo sparrowhawk, accipiter ovampensis, eurasian sparrowhawk, accipiter nisus, rufous-chested sparrowhawk, accipiter rufiventris, sharp-shinned hawk, accipiter striatus, cooper’s hawk, accipiter cooperii, gundlach’s hawk, accipiter gundlachi, bicoloured hawk, accipiter bicolor, black goshawk, accipiter melanoleucus, henst’s goshawk, accipiter henstii, northern goshawk, accipiter gentilis, meyer’s goshawk, accipiter meyerianus, chestnut-shouldered goshawk, erythrotriorchis buergersi, red goshawk, erythrotriorchis radiatus, doria’s goshawk, megatriorchis doriae, long-tailed hawk, urotriorchis macrourus, lizard buzzard, kaupifalco monogrammicus, grasshopper buzzard, butastur rufipennis, white-eyed buzzard, butastur teesa, rufous-winged buzzard, butastur liventer, grey-faced buzzard, butastur indicus, crane hawk, geranospiza caerulescens, plumbeous hawk, leucopternis plumbeus, slate-coloured hawk, leucopternis schistaceus, barred hawk, leucopternis princeps, black-faced hawk, leucopternis melanops, white-browed hawk, leucopternis kuhli, white-necked hawk, leucopternis lacernulatus, semiplumbeous hawk, leucopternis semiplumbeus, white hawk, leucopternis albicollis, grey-backed hawk, leucopternis occidentalis, mantled hawk, leucopternis polionotus, rufous crab-hawk, buteogallus aequinoctialis, common black-hawk, buteogallus anthracinus, cuban black hawk, buteogallus gundlachii, great black-hawk, buteogallus urubitinga, savanna hawk, buteogallus meridionalis, harris’s hawk, parabuteo unicinctus, black-collared hawk, busarellus nigricollis, black-chested buzzard-eagle, geranoaetus melanoleucus, solitary eagle, harpyhaliaetus solitarius, crowned eagle, harpyhaliaetus coronatus, roadside hawk, buteo magnirostris, red-shouldered hawk, buteo lineatus, ridgway’s hawk, buteo ridgwayi, broad-winged hawk, buteo platypterus, grey hawk, buteo nitidus, white-rumped hawk, buteo leucorrhous, short-tailed hawk, buteo brachyurus, white-throated hawk, buteo albigula, swainson’s hawk, buteo swainsoni, white-tailed hawk, buteo albicaudatus, galapagos hawk, buteo galapagoensis, red-backed hawk, buteo polyosoma, zone-tailed hawk, buteo albonotatus, hawaiian hawk, buteo solitarius, red-tailed hawk, buteo jamaicensis, rufous-tailed hawk, buteo ventralis, common buzzard, buteo, buteo, mountain buzzard, buteo oreophilus, madagascar buzzard, buteo brachypterus, long-legged buzzard, buteo rufinus, upland buzzard, buteo hemilasius, ferruginous hawk, buteo regalis, rough-legged hawk, buteo lagopus, red-necked buzzard, buteo auguralis, augur buzzard, buteo augur, jackal buzzard, buteo rufofuscus, crested eagle, morphnus guianensis, harpy eagle, harpia harpyja, new guinea eagle, harpyopsis novaeguineae, philippine eagle, pithecophaga jefferyi, black eagle, ictinaetus malayensis, lesser spotted eagle, aquila pomarina, indian spotted eagle, aquila hastata, greater spotted eagle, aquila clanga, tawny eagle, aquila rapax, steppe eagle, aquila nipalensis, spanish imperial eagle, aquila adalberti, eastern imperial eagle, aquila heliaca, gurney’s eagle, aquila gurneyi, golden eagle, aquila chrysaetos, wedge-tailed eagle, aquila audax, verreaux’s eagle, aquila verreauxii, wahlberg’s eagle, aquila wahlbergi, bonelli’s eagle, aquila fasciatus, african hawk-eagle, hieraaetus spilogaster, booted eagle, hieraaetus pennatus, little eagle, hieraaetus morphnoides, new guinea hawk-eagle, hieraaetus weiskei, ayres’s hawk-eagle, hieraaetus ayresii, martial eagle, polemaetus bellicosus, long-crested eagle, lophaetus occipitalis, cassin’s hawk-eagle, aquila africanus, black hawk-eagle, spizaetus tyrannus, black-and-white hawk-eagle, spizaetus melanoleucus, ornate hawk-eagle, spizaetus ornatus, black-and-chestnut, eagle spizaetus isidori, crowned hawk-eagle, stephanoaetus coronatus

psittaciforme, glaucous macaw, new caledonian lorikeet, red-throated lorikeet, spix's macaw, night parrot, grey-breasted parakeet, blue-fronted lorikeet, blue-winged racket-tail, blue-throated macaw, kakapo, fuertes's parrot, norfolk parakeet, imperial amazon, socorro parakeet, puerto rican amazon, saint lucia amazon, brown-backed parrotlet, yellow-faced parrotlet, malherbe's parakeet, red-vented cockatoo, réunion parakeet, stephen's lorikeet, saint vincent amazon, golden parakeet, red-browed amazon, spot-winged parrotlet, ultramarine lorikeet, vinaceous-breasted amazon, red-fronted macaw, yellow-eared parrot, lear's macaw, red-necked amazon, palm lorikeet, sun parakeet, swift parrot, new zealand kaka, kuhl's lorikeet, antipodes parakeet, rufous-fronted parakeet, blue lorikeet, blue-headed racket-tail, blue-naped parrot, blue-winged macaw, golden-plumed parakeet, mindanao lorikeet, hispaniolan parakeet, montane racket-tail, white-breasted parakeet, yellow-crested cockatoo, yellow-shouldered amazon, thick-billed parrot, ouvea parakeet, maroon-fronted parrot, black-cheeked lovebird, black-winged lory, black-lored parrot, el oro parakeet, golden-tailed parrotlet, green racket-tail, ochre-marked parakeet, red-faced parrot, red-fronted parrotlet, rusty-faced parrot, wallace's hanging parrot, white-naped lory, great green macaw, golden-shouldered parrot, red-tailed amazon, mindanao racket-tail, kea, flame-winged parakeet, santa marta parakeet, crimson shining parrot, hyacinth macaw, yellow-headed amazon, saffron-headed parrot, lilac-crowned amazon, princess parrot, horned parakeet, new caledonian parakeet, red-and-blue lory, cuban parakeet, jonquil parrot, manu parrotlet, pearly parakeet, red-masked parakeet, bald parrot, golden-capped parakeet, salvadori's fig parrot, long-billed black cockatoo, black-billed amazon, hispaniolan amazon, lilian's lovebird, military macaw, nicobar parakeet, tucumán amazon, yellow-billed amazon, sangihe hanging parrot, blue-headed macaw, salmon-crested cockatoo, blue-eyed cockatoo, bismarck hanging parrot, red-spectacled amazon, glossy black cockatoo, hooded parrot, turquoise parrot, brown-hooded parrot, mexican parrotlet, pfrimer's parakeet, scarlet macaw, yellow-naped amazon, yucatan amazon, red-crowned parakeet, regent parrot, short-billed black cockatoo, white cockatoo, yellow-breasted racket-tail, brown lory, barred parakeet, masked shining parrot, white-crowned parrot, red-tailed black cockatoo, blue-streaked lory, long-billed corella, tanimbar corella, fischer's lovebird, mealy amazon, orange-chinned parakeet, orange-fronted parakeet, olive-throated parakeet, red-lored amazon, white-fronted amazon, cockatiel, budgerigar

0106390000, sparrow, robin, magpie, jay, blackbird, bluebird
0106490000, ambrosia beetle, army ant, bark mantis, bat bug, bat fly, birdwing, blister beetle, blue darner, blue-green mealybugs, bombardier beetle, bookworm, boxer mantis, canna leaf roller, cantharoid beetles, cardinal beetle, clothes moth, cockchafer, cockroach, cuckoo bee, cucumber beetle, cutworm, damselfly, dead leaf mantis, dragonfly, dung beetle, elm bark beetle, field cricket, fig wasp, flightless fruit fly, flour beetle, flower mantis, fungus gnat, glowworm, gnat, grass bagworm, grass mantis, grasshopper, green bottle fly, ground mantis, guava moth, harvester ant, holly leaf miner, housefly, jack jumper ant (disambiguation), kelp fly, leaf mantis, leaf-mimic katydid, maguey worm, mezcal worm, midge, mud dauber, mushroom-feeding drosophila, nairobi fly, orange blister beetle, paper wasp, pinion (moth), pollen beetle, rat flea, rat-tailed maggot, red-bodied swallowtail, sandfly, seed fly, shield mantis, spotted pine sawyer, spruce bark beetle, spruce sawflies, stick mantis, tent caterpillar, toktokkies, twig borer, twig-borer, twigborer, uzi fly, water beetle, waxworm, wēkiu bug, wētā, wheat fly, white flannel moth, witchetty grub, woodworm, yellowjacket

chine, meat, chop, rib, cutlet

bison, buffalo, wisent

0203219000,babirusa,warthog,giant forest hog,bushpig,warty pig,boar,wild boar,banded pig,bearded pig,pygmy hog
bighorn, dall, argali, mouflon, snow sheep, urial sheep=>0204210090
bighorn, dall, argali, mouflon, snow sheep, urial sheep=>0204221090
bighorn, dall, argali, mouflon, snow sheep, urial sheep=>0204223090
bighorn, dall, argali, mouflon, snow sheep, urial sheep=>0204225090
bighorn, dall, argali, mouflon, snow sheep, urial sheep=>0204229090
bighorn, dall, argali, mouflon, snow sheep, urial sheep=>0204230091
bighorn, dall, argali, mouflon, snow sheep, urial sheep=>0204300090
bighorn, dall, argali, mouflon, snow sheep, urial sheep=>0204410090
bighorn, dall, argali, mouflon, snow sheep, urial sheep=>0204421090
bighorn, dall, argali, mouflon, snow sheep, urial sheep=>0204423090
bighorn, dall, argali, mouflon, snow sheep, urial sheep=>0204425090
bighorn, dall, argali, mouflon, snow sheep, urial sheep=>0204429090
bighorn, dall, argali, mouflon, snow sheep, urial sheep=>0204431090
bighorn, dall, argali, mouflon, snow sheep, urial sheep=>0204439090

mutton=>0204230019
mutton=>0204230099

brain, liver, kidneys, spleen, pancreas, stomach, thymus, tripe, tongue, intestines=>0206290000

# goldfish, koi carp, aba aba, afra cichlid, dogtooth cichlid, african brown knifefish, african butterfly cichlid, african butterflyfish, african freshwater pipefish, african leaffish, african pike characin, african snakehead, agassiz's dwarf cichlid, allauad's haplo, alligator gar, altum angelfish, amazon leaffish, amazon puffer, american flagfish, angelfish, arabian killifish, argentine pearl, arulius barb, asian arowana, asian banjo catfish, asian bumblebee catfish, asian redtail catfish, auratus cichlid, malawi golden cichlid, aurora, australian rainbowfish, bala shark, banded archerfish, banded corydoras, banded darter, banded leporinus, banded rainbowfish, banded tiger loach, banjo catfish, barred bichir, barred pencilfish, barred sorubim, barred-tail corydoras, bearded worm goby, bengal danio, sind danio, bengal loach, bigspot barb, duncker's barb, bitterling, black devil stingray, black ghost knifefish, black lancer catfish, black molly, black neon tetra, black phantom tetra, black ruby barb, black shark, black tetra, skirt tetra, black toraja goby, blackbanded sunfish, blackline rasbora, red-tailed rasbora, blackstripe corydoras, blacktop corydoras, bleeding heart tetra, blood parrot cichlid, bloodfin tetra, blue acara, blue corydoras, blue discus, green discus, blue dolphin cichlid, lumphead cichlid, blue johanni cichlid, maingano, blue lyretail, blue ram, german ram, blue tetra, blue whale catfish, blue-spotted sunfish, bluefin notho, rachow's notho, rainbow notho, bluegill, bluespotted corydoras, blunt-jawed elephantnose, boeseman's rainbowfish, bolivian ram, bolt catfish, bornean leaffish, borneo glass catfish, borneo hillstream loach, bottlenose catfish, brilliant rasbora, bristlenose pleco, bushynose pleco, britski's catfish, bronze corydoras, emerald green cory, brook stickleback, brown ghost knifefish, brown-point shield skin longirostris, bucktooth tetra, buenos aires tetra, bumblebee cichlid, hornet cichlid, bumblebee goby, butterfly hillstream loach, cambodian log sucker, false siamese algae eater, canara pearlspot, caracha, cardinal tetra, cascarudo, cave tetra, blind tetra, celebes halfbeak, celebes rainbow, chao phraya giant shark, giant pangasius, checker barb, checkerboard cichlid, cherry barb, chinese high fin banded shark, chipokee cichlid, chocolate cichlid, chocolate frogmouth catfish, chocolate gourami, climbing perch, clipper barb, clown barb, clown killifish, rocket killifish, clown knifefish, clown loach, clown rasbora, cobalt blue cichlid, cobalt zebra cichlid, cobalt blue goby, cockatoo dwarf cichlid, colombian shark catfish, common dace, common discus, red discus, common pleco, suckermouth catfish, common pleco, suckermouth catfish, common pleco, suckermouth catfish, amazon sailfin catfish, common syno, false upside-down catfish, congo pufferfish, congo tetra, convict cichlid, coral-red pencilfish, corydoras nain, crazy fish, crescent betta, croaking gourami, crystal-eyed catfish, cuban gar, cuban lima, cuckoo squeaker, daisy's ricefish, dalmatian molly, decorated squeaker, delicate blue-eye, denison's barb, red line torpedo barb, diamond tetra, dinema catfish, disk tetra, dollar sunfish, dragon goby, violet goby, duboulayi's rainbowfish, dwarf botia, dwarf bumblebee catfish, dwarf corydoras, dwarf flag cichlid, dwarf gourami, dwarf mbuna, dwarf pencilfish, dwarf pufferfish, dwarf rasbora, dwarf snakehead, eartheater cichlid, eastern rainbowfish, ehrhardt's corydoras, electric blue cichlid, electric catfish, electric eel, electric yellow cichlid, elegant corydoras, ember tetra, emerald catfish, emperor snakehead, emperor tetra, empire gudgeon, endler's livebearer, espei rasbora, eureka red peacock, european minnow, european perch, evelyn's cory, even-spotted squeaker, eyespot rasbora, fahaka puffer, false network catfish, false spotted catfish, featherfin, featherfin squeaker, figure 8 pufferfish, fire eel, firemouth cichlid, firewood catfish, (planiceps) shovelnose catfish, fiveband barb, pentazona barb, flag cichlid, flagtail catfish, flame tetra, flameback, florida gar, flowerhorn cichlid, flying fox (fish), forest halfbeak, forest snakehead, fork-tailed loach, forktail blue-eye, freshwater blenny, freshwater needlefish, freshwater pipefish, freshwater sole, frontosa cichild, frontosa cichild, frontosa cichild, fuelleborn's cichlid, blue mbuna, fusco, gangetic loach, garnet tetra, pretty tetra, giant danio, giant gourami, giant pikehead, giant snakehead, gilt darter, giraffe catfish, glass bloodfin tetra, glass catfish, glass knifefish, glowlight rasbora, glowlight tetra, gold barb, gold laser cory, gold nugget pleco, gold zebra catfish, golden barb, golden dwarf sucker, golden oto, golden julie, golden orfe, golden pencilfish, golden pristella tetra, golden puffer, golden toppminnow, goldfish, goliath tigerfish, gray bichir, senegal bichir, or dinosaur bichir, green chromide, green neon tetra, green spotted puffer, green sunfish, green swordtail, green terror, green tiger loach, greenstreaked eartheater, cupid cichlid, greenstripe barb, guapore corydoras, guenther's mouthbrooder, gulper catfish, guppy, half-banded spiny eel, harlequin lancer catfish, harlequin rasbora, head and tail light tetra, herring cichlid, sardine cichlid, hingemouth, hippo point salmon, hockeystick pencilfish, hognosed brochis, hongi, red-top kimpumpa, horseface loach, hujeta gar, humpback puffer, indian glass barb, indian glassy fish, indonesian tigerfish, iridescent shark, jack dempsey cichlid, jaguar catfish, jaguar cichlid, managuense cichlid, january tetra, java loach, javanese ricefish, jellybean tetra, jewel cichlid, two-spotted jewel cichlid, johanni cichlid, julie cichlid, julie cichlid, julie cichlid, julii corydoras, kaligono, kenyi cichlid, keyhole cichlid, kissing gourami, kissing prochilodus, flagtail prochilodus, knife livebearer, knight goby, koi, common carp, kribensis, krib, kribensis, krib, many common names because of many subspecies, kuhli loach, coolie loach, lake kurumoi rainbowfish, lake kutubu rainbowfish, lake malawi syno, lake tebera rainbowfish, lake wanam rainbowfish, largescale four-eyed fish, least killifish, lemon cichlid, lemon tetra, leopard bush fish, leopard sailfin pleco, clown sailfin pleco, lesser spiny eel, lifalili jewel cichlid, blood-red jewel cichlid, lima shovelnose catfish, lionhead cichlid, livingston's cichlid, loach catfish, long nosed arched cory, long-fin tetra, longear sunfish, longnose gar, loxozonus cory, lyretail cichlid, fairy cichlid, lyretail molly, madagascar rainbowfish, malabar danio, malawi barracuda, malawi eyebiter, malay combtail, malayan leaffish, marbled goby, marbled headstander, masked corydoras, bandit corydoras, masked julie, mayan cichlid, mbu puffer, melon barb, midas cichild, red devil cichlid, midnight catfish, moonlight gourami, mosaic corydoras, reticulated corydoras, mosaic corydoras, reticulated corydoras, neon rainbowfish, neon tetra, new guinea rainbowfish, niger tetra, norman's lampeye, northern studfish, northern sunfish, ocellate river stingray, ocellated snakehead, odessa barb, oil catfish, one-lined pencilfish, onespot barb, orange chromide, orangespotted sunfish, orangethroat darter, ornate bichir, ornate pimelodus, ornate tetra, oscar, pacific blue-eye, pale usisya aulonocara, panaque, panda barb, panda corydoras, panda dwarf cichlid, paradise fish, partipentazona barb, pastaza corydoras, payara, peacock bass, butterfly peacock bass, peacock gudgeon, pearl danio, pearl gourami, pearl of likoma, penguin tetra, blackline penguinfish, peppered corydoras, salt and pepper catfish, peters' elephant nose, pickerel, pike topminnow, pineapple pleco, orange cheek pleco, pink corydoras, pink-tail chalceus, pinstripe damba, polka dot syno, polka-dot loach, pool barb, poor man's tropheus, pumpkinseed, purple sleeper gudgeon, pygmy corydoras, pygmy driftwood catfish, pygmy gourami, sparkling gourami, pygmy sunfish, queen danio, rainbow darter, rainbow shark, rainbow shiner, rainbow stiphodon, red devil cichlid, red empress cichlid, red eye tetra, red fin hap, red phantom tetra, red piranha, red rainbowfish, red shiner, red tail barracuda, red wolf fish, red zebra cichlid, red-bellied pacu, red-seam killifish, red-striped rasbora, red-tail dwarf puffer, red-tailed black shark, redbreast sunfish, redear sunfish, redfin tiger loach, redspotted sunfish, redtail catfish, redtail loach, reedfish, reticulated knifefish, retropinnis bichir, rosy barb, rosy red minnow, fathead minnow, rosy tetra, royal tetra, rummy-nose tetra, rusty cichlid, lavender cichild, saddle-back loach, saddled bichir, sailfin catfish, sailfin corydoras, sailfin molly, salt and pepper catfish/corydoras, saulosi, scarlet betta, schwartz's catfish, scissortail rasbora, serpae tetra, severum, shadow catfish, shortfin barb, shovelnose sturgeon, siamese algae eater, fringe barb, siamese fighting fish (sometimes betta, esp. us), silver arowana, silver dollar, silver tigerfish, silvertip tetra, six-banded distichodus, sixray corydoras, false corydoras, skunk loach, slender betta, snakeskin barb, snakeskin gourami, south american lungfish, southern platy, southern redbelly dace, spanner barb, t-barb, spilo, splash tetra, splendid darter, spotfinned spiny eel, spotted angelfish, spotted blue-eye, spotted corydoras, longnose corydoras, spotted danio, spotted gar, spotted headstander, spotted lungfish, spotted pimelodus, pictus, pictus catfish, spotted raphael catfish, spotted scat, spotted sunfish, spottedsail barb, dwarf barb, sterba's corydoras, sterlet, stinging catfish, striped glass catfish, striped headstander, striped panchax, golden wonder, striped raphael catfish, striped sleeper goby, striped wallago catfish, sturgeon catfish, sun catfish, sunshine peacock cichlid, swamp barb, sychr's catfish, t-bar cichlid, tailspot corydoras, tanganyika killifish, tench, texas cichlid, rio grande cichlid, thread-finned acara, threadfin rainbowfish, three spot gourami, three-lined pencilfish, three-stripe dwarf cichlid, three-striped african catfish, threestripe corydoras, leopard catfish, false julii cory, tic-tac-toe barb, ticto barb, tiger barb, sumatra barb, tiger hillstream loach, tiger sorubim, tinfoil barb, tire track eel, toba betta, tropical gar, turquoise danio, twig catfish, two-stripe dwarf cichlid, uaru, waroo, upside-down catfish, variable platy, venustus cichlid, giraffe cichild, volcano rasbora, vulture catfish, zamurito, walking catfish, warmouth, weather loach[17], west african lungfish, western rainbowfish, whiptail catfish, white cloud mountain minnow, wolf cichlid, wrestling halfbeak, x-ray tetra, xingu corydoras, yellow dwarf cichlid, yellow top mbamba, yellow-tail acei, yellow-tailed congo tetra, yoyo loach, zebra acara, zebra danio, zebra dwarf sucker, zebra oto, zebra loach, zebra obliquidens, zebra pleco, zebra shovelnose=>0301110000

merling, whiting

mammal => animal, mammal,
aardvark => mammal, aardvark,

cat => 0106190000, cat,
dog => 0106190000, dog,


# Dogs

affenpinscher => dog, affenpinscher,
afghan hound => dog, afghan hound,
aidi => dog, aidi,
airedale terrier => dog, airedale terrier,
akbash => dog, akbash,
akita => dog, akita,
aksaray malaklisi => dog, aksaray malaklisi,
alapaha blue blood bulldog => dog, alapaha blue blood bulldog,
alaskan husky => dog, alaskan husky,
alaskan klee kai => dog, alaskan klee kai,
alaskan malamute => dog, alaskan malamute,
alopekis => dog, alopekis,
alpine dachsbracke => dog, alpine dachsbracke,
american bulldog => dog, american bulldog,
american bully => dog, american bully,
american cocker spaniel => dog, american cocker spaniel,
american english coonhound => dog, american english coonhound,
american eskimo dog => dog, american eskimo dog,
american foxhound => dog, american foxhound,
american hairless terrier => dog, american hairless terrier,
american pit bull terrier => dog, american pit bull terrier,
american staffordshire terrier => dog, american staffordshire terrier,
american water spaniel => dog, american water spaniel,
andalusian hound => dog, andalusian hound,
appenzeller sennenhund => dog, appenzeller sennenhund,
ariegeois => dog, ariegeois,
armant => dog, armant,
artois hound => dog, artois hound,
australian cattle dog => dog, australian cattle dog,
australian kelpie => dog, australian kelpie,
australian shepherd => dog, australian shepherd,
australian stumpy tail cattle dog => dog, australian stumpy tail cattle dog,
australian terrier => dog, australian terrier,
austrian pinscher => dog, austrian pinscher,
azawakh => dog, azawakh,
bakharwal dog => dog, bakharwal dog,
banjara hound => dog, banjara hound,
barbado da terceira => dog, barbado da terceira,
barbet => dog, barbet,
basenji => dog, basenji,
basque shepherd dog => dog, basque shepherd dog,
basset artésien normand => dog, basset artésien normand,
basset bleu de gascogne => dog, basset bleu de gascogne,
basset fauve de bretagne => dog, basset fauve de bretagne,
basset hound => dog, basset hound,
bavarian mountain hound => dog, bavarian mountain hound,
beagle => dog, beagle,
beagle-harrier => dog, beagle-harrier,
belgian shepherd => dog, belgian shepherd,
bearded collie => dog, bearded collie,
beauceron => dog, beauceron,
bedlington terrier => dog, bedlington terrier,
bergamasco shepherd => dog, bergamasco shepherd,
berger picard => dog, berger picard,
bernese mountain dog => dog, bernese mountain dog,
bichon frisé => dog, bichon frisé,
billy => dog, billy,
black norwegian elkhound => dog, black norwegian elkhound,
black russian terrier => dog, black russian terrier,
black mouth cur => dog, black mouth cur,
bloodhound => dog, bloodhound,
blue lacy => dog, blue lacy,
blue picardy spaniel => dog, blue picardy spaniel,
bluetick coonhound => dog, bluetick coonhound,
boerboel => dog, boerboel,
bohemian shepherd => dog, bohemian shepherd,
bolognese => dog, bolognese,
border collie => dog, border collie,
border terrier => dog, border terrier,
borzoi => dog, borzoi,
bosnian coarse-haired hound => dog, bosnian coarse-haired hound,
boston terrier => dog, boston terrier,
bouvier des ardennes => dog, bouvier des ardennes,
bouvier des flandres => dog, bouvier des flandres,
boxer => dog, boxer,
boykin spaniel => dog, boykin spaniel,
bracco italiano => dog, bracco italiano,
braque du bourbonnais => dog, braque du bourbonnais,
braque francais => dog, braque francais,
braque saint-germain => dog, braque saint-germain,
briard => dog, briard,
briquet griffon vendéen => dog, briquet griffon vendéen,
brittany => dog, brittany,
broholmer => dog, broholmer,
bruno jura hound => dog, bruno jura hound,
brussels griffon => dog, brussels griffon,
bucovina shepherd dog => dog, bucovina shepherd dog,
bull arab => dog, bull arab,
bull terrier => dog, bull terrier,
bulldog => dog, bulldog,
bullmastiff => dog, bullmastiff,
bully kutta => dog, bully kutta,
burgos pointer => dog, burgos pointer,
buryat-mongolian wolfhound => dog, buryat-mongolian wolfhound,
ca mè mallorquí => dog, ca mè mallorquí,
cairn terrier => dog, cairn terrier,
campeiro bulldog => dog, campeiro bulldog,
can de chira => dog, can de chira,
can de palleiro => dog, can de palleiro,
canaan dog => dog, canaan dog,
canadian eskimo dog => dog, canadian eskimo dog,
cane corso => dog, cane corso,
cane di oropa => dog, cane di oropa,
cane paratore => dog, cane paratore,
cantabrian water dog => dog, cantabrian water dog,
cão da serra de aires => dog, cão da serra de aires,
cão de castro laboreiro => dog, cão de castro laboreiro,
cão de gado transmontano => dog, cão de gado transmontano,
cão fila de são miguel => dog, cão fila de são miguel,
cardigan welsh corgi => dog, cardigan welsh corgi,
carea castellano manchego => dog, carea castellano manchego,
carea leonés => dog, carea leonés,
carolina dog => dog, carolina dog,
carpathian shepherd dog => dog, carpathian shepherd dog,
catahoula leopard dog => dog, catahoula leopard dog,
catalan sheepdog => dog, catalan sheepdog,
caucasian shepherd dog => dog, caucasian shepherd dog,
cavalier king charles spaniel => dog, cavalier king charles spaniel,
central asian shepherd dog => dog, central asian shepherd dog,
cesky fousek => dog, cesky fousek,
cesky terrier => dog, cesky terrier,
chesapeake bay retriever => dog, chesapeake bay retriever,
chien français blanc et noir => dog, chien français blanc et noir,
chien français blanc et orange => dog, chien français blanc et orange,
chien français tricolore => dog, chien français tricolore,
chihuahua => dog, chihuahua,
chilean terrier => dog, chilean terrier,
chinese crested dog => dog, chinese crested dog,
chinook => dog, chinook,
chippiparai => dog, chippiparai,
chongqing dog => dog, chongqing dog,
chortai => dog, chortai,
chow chow => dog, chow chow,
chukotka sled dog => dog, chukotka sled dog,
cimarrón uruguayo => dog, cimarrón uruguayo,
clumber spaniel => dog, clumber spaniel,
colombian fino hound => dog, colombian fino hound,
continental bulldog => dog, continental bulldog,
coton de tulear => dog, coton de tulear,
cretan hound => dog, cretan hound,
croatian sheepdog => dog, croatian sheepdog,
curly-coated retriever => dog, curly-coated retriever,
cursinu => dog, cursinu,
czechoslovakian wolfdog => dog, czechoslovakian wolfdog,
dachshund => dog, dachshund,
dalmatian => dog, dalmatian,
dandie dinmont terrier => dog, dandie dinmont terrier,
danish spitz => dog, danish spitz,
danish-swedish farmdog => dog, danish-swedish farmdog,
denmark feist => dog, denmark feist,
dingo => dog, dingo,
dobermann => dog, dobermann,
dogo argentino => dog, dogo argentino,
dogo guatemalteco => dog, dogo guatemalteco,
dogo sardesco => dog, dogo sardesco,
dogue brasileiro => dog, dogue brasileiro,
dogue de bordeaux => dog, dogue de bordeaux,
drentse patrijshond => dog, drentse patrijshond,
drever => dog, drever,
dunker => dog, dunker,
dutch shepherd => dog, dutch shepherd,
dutch smoushond => dog, dutch smoushond,
east siberian laika => dog, east siberian laika,
east european shepherd => dog, east european shepherd,
ecuadorian hairless dog => dog, ecuadorian hairless dog,
english cocker spaniel => dog, english cocker spaniel,
english foxhound => dog, english foxhound,
english mastiff => dog, english mastiff,
english setter => dog, english setter,
english shepherd => dog, english shepherd,
english springer spaniel => dog, english springer spaniel,
english toy terrier (black & tan) => dog, english toy terrier (black & tan),
entlebucher mountain dog => dog, entlebucher mountain dog,
estonian hound => dog, estonian hound,
estrela mountain dog => dog, estrela mountain dog,
eurasier => dog, eurasier,
field spaniel => dog, field spaniel,
fila brasileiro => dog, fila brasileiro,
finnish hound => dog, finnish hound,
finnish lapphund => dog, finnish lapphund,
finnish spitz => dog, finnish spitz,
flat-coated retriever => dog, flat-coated retriever,
french bulldog => dog, french bulldog,
french spaniel => dog, french spaniel,
galgo español => dog, galgo español,
garafian shepherd => dog, garafian shepherd,
gascon saintongeois => dog, gascon saintongeois,
georgian shepherd => dog, georgian shepherd,
german hound => dog, german hound,
german longhaired pointer => dog, german longhaired pointer,
german pinscher => dog, german pinscher,
german roughhaired pointer => dog, german roughhaired pointer,
german shepherd => dog, german shepherd,
german shorthaired pointer => dog, german shorthaired pointer,
german spaniel => dog, german spaniel,
german spitz => dog, german spitz,
german wirehaired pointer => dog, german wirehaired pointer,
giant schnauzer => dog, giant schnauzer,
glen of imaal terrier => dog, glen of imaal terrier,
golden retriever => dog, golden retriever,
gończy polski => dog, gończy polski,
gordon setter => dog, gordon setter,
grand anglo-français blanc et noir => dog, grand anglo-français blanc et noir,
grand anglo-français blanc et orange => dog, grand anglo-français blanc et orange,
grand anglo-français tricolore => dog, grand anglo-français tricolore,
grand basset griffon vendéen => dog, grand basset griffon vendéen,
grand bleu de gascogne => dog, grand bleu de gascogne,
grand griffon vendéen => dog, grand griffon vendéen,
great dane => dog, great dane,
greater swiss mountain dog => dog, greater swiss mountain dog,
greek harehound => dog, greek harehound,
greek shepherd => dog, greek shepherd,
greenland dog => dog, greenland dog,
greyhound => dog, greyhound,
griffon bleu de gascogne => dog, griffon bleu de gascogne,
griffon fauve de bretagne => dog, griffon fauve de bretagne,
griffon nivernais => dog, griffon nivernais,
gull dong => dog, gull dong,
gull terrier => dog, gull terrier,
hällefors elkhound => dog, hällefors elkhound,
halden hound => dog, halden hound,
hamiltonstövare => dog, hamiltonstövare,
hanover hound => dog, hanover hound,
harrier => dog, harrier,
havanese => dog, havanese,
himalayan sheepdog => dog, himalayan sheepdog,
hierran wolfdog => dog, hierran wolfdog,
hokkaido => dog, hokkaido,
hovawart => dog, hovawart,
huntaway => dog, huntaway,
hygen hound => dog, hygen hound,
ibizan hound => dog, ibizan hound,
icelandic sheepdog => dog, icelandic sheepdog,
indian pariah dog => dog, indian pariah dog,
indian spitz => dog, indian spitz,
irish setter => dog, irish setter,
irish terrier => dog, irish terrier,
irish water spaniel => dog, irish water spaniel,
irish wolfhound => dog, irish wolfhound,
istrian coarse-haired hound => dog, istrian coarse-haired hound,
istrian shorthaired hound => dog, istrian shorthaired hound,
italian greyhound => dog, italian greyhound,
jack russell terrier => dog, jack russell terrier,
jagdterrier => dog, jagdterrier,
japanese chin => dog, japanese chin,
japanese spitz => dog, japanese spitz,
japanese terrier => dog, japanese terrier,
jindo => dog, jindo,
jonangi => dog, jonangi,
kai ken => dog, kai ken,
kaikadi => dog, kaikadi,
kangal shepherd dog => dog, kangal shepherd dog,
kanni => dog, kanni,
karakachan dog => dog, karakachan dog,
karelian bear dog => dog, karelian bear dog,
kars => dog, kars,
karst shepherd => dog, karst shepherd,
keeshond => dog, keeshond,
kerry beagle => dog, kerry beagle,
kerry blue terrier => dog, kerry blue terrier,
khala  => dog, khala ,
king charles spaniel => dog, king charles spaniel,
king shepherd => dog, king shepherd,
kintamani => dog, kintamani,
kishu => dog, kishu,
kokoni => dog, kokoni,
kombai => dog, kombai,
komondor => dog, komondor,
kooikerhondje => dog, kooikerhondje,
koolie => dog, koolie,
koyun dog => dog, koyun dog,
kromfohrländer => dog, kromfohrländer,
kuchi => dog, kuchi,
kuvasz => dog, kuvasz,
labrador retriever => dog, labrador retriever,
lagotto romagnolo => dog, lagotto romagnolo,
lakeland terrier => dog, lakeland terrier,
lancashire heeler => dog, lancashire heeler,
landseer => dog, landseer,
lapponian herder => dog, lapponian herder,
large münsterländer => dog, large münsterländer,
leonberger => dog, leonberger,
levriero sardo => dog, levriero sardo,
lhasa apso => dog, lhasa apso,
liangshan dog => dog, liangshan dog,
lithuanian hound => dog, lithuanian hound,
löwchen => dog, löwchen,
lupo italiano => dog, lupo italiano,
mackenzie river husky => dog, mackenzie river husky,
magyar agár => dog, magyar agár,
mahratta greyhound => dog, mahratta greyhound,
maltese => dog, maltese,
manchester terrier => dog, manchester terrier,
maneto => dog, maneto,
maremmano-abruzzese sheepdog => dog, maremmano-abruzzese sheepdog,
mcnab dog => dog, mcnab dog,
miniature american shepherd => dog, miniature american shepherd,
miniature bull terrier => dog, miniature bull terrier,
miniature fox terrier => dog, miniature fox terrier,
miniature pinscher => dog, miniature pinscher,
miniature schnauzer => dog, miniature schnauzer,
molossus of epirus => dog, molossus of epirus,
montenegrin mountain hound => dog, montenegrin mountain hound,
mountain cur => dog, mountain cur,
mountain feist => dog, mountain feist,
mucuchies => dog, mucuchies,
mudhol hound => dog, mudhol hound,
mudi => dog, mudi,
neapolitan mastiff => dog, neapolitan mastiff,
nenets herding laika => dog, nenets herding laika,
new guinea singing dog => dog, new guinea singing dog,
new zealand heading dog => dog, new zealand heading dog,
newfoundland => dog, newfoundland,
norfolk terrier => dog, norfolk terrier,
norrbottenspets => dog, norrbottenspets,
northern inuit dog => dog, northern inuit dog,
norwegian buhund => dog, norwegian buhund,
norwegian elkhound => dog, norwegian elkhound,
norwegian lundehund => dog, norwegian lundehund,
norwich terrier => dog, norwich terrier,
nova scotia duck tolling retriever => dog, nova scotia duck tolling retriever,
old croatian sighthound => dog, old croatian sighthound,
old danish pointer => dog, old danish pointer,
old english sheepdog => dog, old english sheepdog,
old english terrier => dog, old english terrier,
olde english bulldogge => dog, olde english bulldogge,
otterhound => dog, otterhound,
pachon navarro => dog, pachon navarro,
pampas deerhound => dog, pampas deerhound,
papillon => dog, papillon,
parson russell terrier => dog, parson russell terrier,
pastore della lessinia e del lagorai => dog, pastore della lessinia e del lagorai,
patagonian sheepdog => dog, patagonian sheepdog,
patterdale terrier => dog, patterdale terrier,
pekingese => dog, pekingese,
pembroke welsh corgi => dog, pembroke welsh corgi,
perro majorero => dog, perro majorero,
perro de pastor mallorquin => dog, perro de pastor mallorquin,
perro de presa canario => dog, perro de presa canario,
perro de presa mallorquin => dog, perro de presa mallorquin,
peruvian inca orchid => dog, peruvian inca orchid,
petit basset griffon vendéen => dog, petit basset griffon vendéen,
petit bleu de gascogne => dog, petit bleu de gascogne,
phalène => dog, phalène,
pharaoh hound => dog, pharaoh hound,
phu quoc ridgeback => dog, phu quoc ridgeback,
picardy spaniel => dog, picardy spaniel,
plummer terrier => dog, plummer terrier,
plott hound => dog, plott hound,
podenco canario => dog, podenco canario,
podenco valenciano => dog, podenco valenciano,
pointer => dog, pointer,
poitevin => dog, poitevin,
polish greyhound => dog, polish greyhound,
polish hound => dog, polish hound,
polish lowland sheepdog => dog, polish lowland sheepdog,
polish tatra sheepdog => dog, polish tatra sheepdog,
pomeranian => dog, pomeranian,
pont-audemer spaniel => dog, pont-audemer spaniel,
poodle => dog, poodle,
porcelaine => dog, porcelaine,
portuguese podengo => dog, portuguese podengo,
portuguese pointer => dog, portuguese pointer,
portuguese water dog => dog, portuguese water dog,
posavac hound => dog, posavac hound,
pražský krysařík => dog, pražský krysařík,
pshdar dog => dog, pshdar dog,
pudelpointer => dog, pudelpointer,
pug => dog, pug,
puli => dog, puli,
pumi => dog, pumi,
pungsan dog => dog, pungsan dog,
pyrenean mastiff => dog, pyrenean mastiff,
pyrenean mountain dog => dog, pyrenean mountain dog,
pyrenean sheepdog => dog, pyrenean sheepdog,
rafeiro do alentejo => dog, rafeiro do alentejo,
rajapalayam => dog, rajapalayam,
rampur greyhound => dog, rampur greyhound,
rat terrier => dog, rat terrier,
ratonero bodeguero andaluz => dog, ratonero bodeguero andaluz,
ratonero mallorquin => dog, ratonero mallorquin,
ratonero murciano => dog, ratonero murciano,
ratonero valenciano => dog, ratonero valenciano,
redbone coonhound => dog, redbone coonhound,
rhodesian ridgeback => dog, rhodesian ridgeback,
romanian mioritic shepherd dog => dog, romanian mioritic shepherd dog,
romanian raven shepherd dog => dog, romanian raven shepherd dog,
rottweiler => dog, rottweiler,
rough collie => dog, rough collie,
russian spaniel => dog, russian spaniel,
russian toy => dog, russian toy,
russo-european laika => dog, russo-european laika,
ryukyu inu => dog, ryukyu inu,
saarloos wolfdog => dog, saarloos wolfdog,
sabueso español => dog, sabueso español,
saint bernard => dog, saint bernard,
saint hubert jura hound => dog, saint hubert jura hound,
saint-usuge spaniel => dog, saint-usuge spaniel,
saluki => dog, saluki,
samoyed => dog, samoyed,
sapsali => dog, sapsali,
sarabi dog => dog, sarabi dog,
sardinian shepherd dog => dog, sardinian shepherd dog,
šarplaninac => dog, šarplaninac,
schapendoes => dog, schapendoes,
schillerstövare => dog, schillerstövare,
schipperke => dog, schipperke,
schweizer laufhund => dog, schweizer laufhund,
schweizerischer niederlaufhund => dog, schweizerischer niederlaufhund,
scottish deerhound => dog, scottish deerhound,
scottish terrier => dog, scottish terrier,
sealyham terrier => dog, sealyham terrier,
segugio italiano => dog, segugio italiano,
segugio maremmano => dog, segugio maremmano,
serbian hound => dog, serbian hound,
serbian tricolour hound => dog, serbian tricolour hound,
serrano bulldog => dog, serrano bulldog,
shar pei => dog, shar pei,
shetland sheepdog => dog, shetland sheepdog,
shiba inu => dog, shiba inu,
shih tzu => dog, shih tzu,
shikoku => dog, shikoku,
shiloh shepherd => dog, shiloh shepherd,
siberian husky => dog, siberian husky,
silken windhound => dog, silken windhound,
silky terrier => dog, silky terrier,
sinhala hound => dog, sinhala hound,
skye terrier => dog, skye terrier,
sloughi => dog, sloughi,
slovakian wirehaired pointer => dog, slovakian wirehaired pointer,
slovenský cuvac => dog, slovenský cuvac,
slovenský kopov => dog, slovenský kopov,
smalandstövare => dog, smalandstövare,
small greek domestic dog => dog, small greek domestic dog,
small münsterländer => dog, small münsterländer,
smooth collie => dog, smooth collie,
smooth fox terrier => dog, smooth fox terrier,
soft-coated wheaten terrier => dog, soft-coated wheaten terrier,
south russian ovcharka => dog, south russian ovcharka,
spanish mastiff => dog, spanish mastiff,
spanish water dog => dog, spanish water dog,
spinone italiano => dog, spinone italiano,
sporting lucas terrier => dog, sporting lucas terrier,
stabyhoun => dog, stabyhoun,
staffordshire bull terrier => dog, staffordshire bull terrier,
standard schnauzer => dog, standard schnauzer,
stephens stock => dog, stephens stock,
styrian coarse-haired hound => dog, styrian coarse-haired hound,
sussex spaniel => dog, sussex spaniel,
swedish elkhound => dog, swedish elkhound,
swedish lapphund => dog, swedish lapphund,
swedish vallhund => dog, swedish vallhund,
swedish white elkhound => dog, swedish white elkhound,
taigan => dog, taigan,
taiwan dog => dog, taiwan dog,
tamaskan dog => dog, tamaskan dog,
tang dog => dog, tang dog,
tazy => dog, tazy,
teddy roosevelt terrier => dog, teddy roosevelt terrier,
telomian => dog, telomian,
tenterfield terrier => dog, tenterfield terrier,
terrier brasileiro => dog, terrier brasileiro,
thai bangkaew dog => dog, thai bangkaew dog,
thai ridgeback => dog, thai ridgeback,
tibetan kyi apso => dog, tibetan kyi apso,
tibetan mastiff => dog, tibetan mastiff,
tibetan spaniel => dog, tibetan spaniel,
tibetan terrier => dog, tibetan terrier,
tonya finosu => dog, tonya finosu,
torkuz => dog, torkuz,
tornjak => dog, tornjak,
tosa => dog, tosa,
toy fox terrier => dog, toy fox terrier,
toy manchester terrier => dog, toy manchester terrier,
transylvanian hound => dog, transylvanian hound,
treeing cur => dog, treeing cur,
treeing feist => dog, treeing feist,
treeing tennessee brindle => dog, treeing tennessee brindle,
treeing walker coonhound => dog, treeing walker coonhound,
trigg hound => dog, trigg hound,
tyrolean hound => dog, tyrolean hound,
vikhan => dog, vikhan,
villano de las encartaciones => dog, villano de las encartaciones,
villanuco de las encartaciones => dog, villanuco de las encartaciones,
vizsla => dog, vizsla,
volpino italiano => dog, volpino italiano,
weimaraner => dog, weimaraner,
welsh sheepdog => dog, welsh sheepdog,
welsh springer spaniel => dog, welsh springer spaniel,
welsh terrier => dog, welsh terrier,
west country harrier => dog, west country harrier,
west highland white terrier => dog, west highland white terrier,
west siberian laika => dog, west siberian laika,
westphalian dachsbracke => dog, westphalian dachsbracke,
wetterhoun => dog, wetterhoun,
whippet => dog, whippet,
white shepherd => dog, white shepherd,
white swiss shepherd dog => dog, white swiss shepherd dog,
wire fox terrier => dog, wire fox terrier,
wirehaired pointing griffon => dog, wirehaired pointing griffon,
wirehaired vizsla => dog, wirehaired vizsla,
xiasi dog => dog, xiasi dog,
xoloitzcuintle => dog, xoloitzcuintle,
yakutian laika => dog, yakutian laika,
yorkshire terrier => dog, yorkshire terrier,
zerdava => dog, zerdava,
hound => dog, hound,
puppy => dog, puppy,

# Cats

abyssinian => cat, abyssinian,
aegean => cat, aegean,
american bobtail => cat, american bobtail,
american curl => cat, american curl,
american ringtail => cat, american ringtail,
american shorthair => cat, american shorthair,
american wirehair => cat, american wirehair,
aphrodite giant => cat, aphrodite giant,
arabian mau => cat, arabian mau,
australian mist => cat, australian mist,
balinese => cat, balinese,
bambino => cat, bambino,
bengal => cat, bengal,
birman => cat, birman,
bombay => cat, bombay,
brazilian shorthair => cat, brazilian shorthair,
british longhair => cat, british longhair,
british shorthair => cat, british shorthair,
burmese => cat, burmese,
burmilla => cat, burmilla,
california spangled => cat, california spangled,
chantilly-tiffany => cat, chantilly-tiffany,
chartreux => cat, chartreux,
chausie => cat, chausie,
colorpoint shorthair => cat, colorpoint shorthair,
cornish rex => cat, cornish rex,
cyprus => cat, cyprus,
devon rex => cat, devon rex,
chinese li hua => cat, chinese li hua,
dwelf => cat, dwelf,
egyptian mau => cat, egyptian mau,
european shorthair => cat, european shorthair,
exotic shorthair => cat, exotic shorthair,
foldex => cat, foldex,
german rex => cat, german rex,
havana brown => cat, havana brown,
highlander => cat, highlander,
himalayan => cat, himalayan,
colorpoint persian => cat, colorpoint persian,
japanese bobtail => cat, japanese bobtail,
javanese => cat, javanese,
colorpoint longhair => cat, colorpoint longhair,
kanaani => cat, kanaani,
khao manee => cat, khao manee,
kinkalow => cat, kinkalow,
korat => cat, korat,
korean bobtail => cat, korean bobtail,
korn ja => cat, korn ja,
kurilian bobtail => cat, kurilian bobtail,
kuril islands bobtail => cat, kuril islands bobtail,
lambkin => cat, lambkin,
laperm => cat, laperm,
lykoi => cat, lykoi,
maine coon => cat, maine coon,
manx => cat, manx,
mekong bobtail => cat, mekong bobtail,
minskin => cat, minskin,
minuet => cat, minuet,
munchkin => cat, munchkin,
nebelung => cat, nebelung,
norwegian forest cat => cat, norwegian forest cat,
ocicat => cat, ocicat,
ojos azules => cat, ojos azules,
oregon rex => cat, oregon rex,
(extinct) => cat, (extinct),
oriental bicolor => cat, oriental bicolor,
oriental longhair => cat, oriental longhair,
oriental shorthair => cat, oriental shorthair,
persian => cat, persian,
peterbald => cat, peterbald,
pixie-bob => cat, pixie-bob,
ragamuffin => cat, ragamuffin,
ragdoll => cat, ragdoll,
raas => cat, raas,
russian blue => cat, russian blue,
russian white, russian black and russian tabby => cat, russian white, russian black and russian tabby,
sam sawet => cat, sam sawet,
savannah => cat, savannah,
scottish fold => cat, scottish fold,
selkirk rex => cat, selkirk rex,
serengeti => cat, serengeti,
serrade petit => cat, serrade petit,
siamese => cat, siamese,
singapura => cat, singapura,
snowshoe => cat, snowshoe,
sokoke => cat, sokoke,
somali => cat, somali,
sphynx => cat, sphynx,
suphalak => cat, suphalak,
tonkinese => cat, tonkinese,
toybob => cat, toybob,
toyger => cat, toyger,
turkish angora => cat, turkish angora,
turkish van => cat, turkish van,
turkish vankedisi => cat, turkish vankedisi,
ukrainian levkoy => cat, ukrainian levkoy,
york chocolate => cat, york chocolate,
kitten => cat, kitten,

